,Cas,Drug,SMILES
0,269390-69-4,N-(4-Chlorophenyl)-2-[(pyridin-4-ylmethyl)amino]benzamide,C1=CC=C(C(=C1)C(=O)NC2=CC=C(C=C2)Cl)NCC3=CC=NC=C3
1,221244-14-0,"1-(1,1-Dimethylethyl)-3-(1-naphthalenylmethyl)-1H-pyrazolo(3,4-d)pyrimidin-4-amine",CC(C)(C)N1C2=NC=NC(=C2C(=N1)CC3=CC=CC4=CC=CC=C43)N
2,380843-75-4,Bosutinib,CN1CCN(CC1)CCCOC2=C(C=C3C(=C2)N=CC(=C3NC4=CC(=C(C=C4Cl)Cl)OC)C#N)OC
3,7272-84-6,3-(4-pyridyl)-1H-indole,C1=CC=C2C(=C1)C(=CN2)C3=CC=NC=C3
4,154447-36-6,2-(4-morpholinyl)-8-phenyl-4H-1-benzopyran-4-one,C1COCCN1C2=CC(=O)C3=C(O2)C(=CC=C3)C4=CC=CC=C4
5,151342-35-7,"(S)-3-(8-((Dimethylamino)methyl)-6,7,8,9-tetrahydropyrido(1,2-a)indol-10-yl)-4-(1-methyl-1H-indol-3-yl)-1H-pyrrol-2,5-dione",CN1C=C(C2=CC=CC=C21)C3=C(C(=O)NC3=O)C4=C5C[C@H](CCN5C6=CC=CC=C64)CN(C)C
6,496864-16-5,RP107,CCCCC1=C(NC2=NC=CN=C12)C3=CC=C(C=C3)O
7,852527-97-0,"Alsterpaullone, 2-Cyanoethyl",C1C2=C(C3=C(C=CC(=C3)CCC#N)NC1=O)NC4=C2C=C(C=C4)[N+](=O)[O-]
8,879127-16-9,C-1368,C1CC1C(=O)NC2=CC=CC(=C2)NC3=NC=CC(=N3)NC4=CC=CC(=C4)C(F)(F)F
9,184475-35-2,Gefitinib,COC1=C(C=C2C(=C1)N=CN=C2NC3=CC(=C(C=C3)F)Cl)OCCCN4CCOCC4
10,34823-86-4,Gtp 14564,C1=CC=C(C=C1)C2=NNC3=C2OC4=CC=CC=C43
11,522629-08-9,Cgp 57380,C1=CC(=CC=C1NC2=C3C(=NC=NC3=NN2)N)F
12,249762-74-1,D-65476,CCCC(=O)OC1=CC2=C(C=C1)NC(=C2)C(=O)C3=CC4=CC=CC=C4N3
13,196868-63-0,PQ-401,CC1=NC2=CC=CC=C2C(=C1)NC(=O)NC3=C(C=CC(=C3)Cl)OC
14,331253-86-2,PDK1/Akt/Flt Dual Pathway Inhibitor,C1=CC=C2C(=C1)C3=NC4=NN=NN4N=C3C2=O
15,627518-40-5,Jnj-10198409,COC1=C(C=C2C(=C1)CC3=C2NN=C3NC4=CC(=CC=C4)F)OC
16,387867-13-2,Tandutinib,CC(C)OC1=CC=C(C=C1)NC(=O)N2CCN(CC2)C3=NC=NC4=CC(=C(C=C43)OC)OCCCN5CCCCC5
17,175178-82-2,"N-(3-Chlorophenyl)-6,7-dimethoxy-4-quinazolinamine",COC1=C(C=C2C(=C1)C(=NC=N2)NC3=CC(=CC=C3)Cl)OC
18,326914-10-7,SU-11652,CCN(CC)CCNC(=O)C1=C(NC(=C1C)/C=C\2/C3=C(C=CC(=C3)Cl)NC2=O)C
19,300801-52-9,TG-003,CCN\1C2=C(C=CC(=C2)OC)S/C1=C\C(=O)C
20,300801-52-9,TG-003,CCN1C2=C(C=CC(=C2)OC)SC1=CC(=O)C
21,300801-52-9,TG-003,CCN\1C2=C(C=CC(=C2)OC)S/C1=C/C(=O)C
22,300801-52-9,TG-003,CCN\1C2=C(C=CC(=C2)OC)S/C1=C\C(=O)C
23,300801-52-9,TG-003,CCN1C2=C(C=CC(=C2)OC)SC1=CC(=O)C
24,300801-52-9,TG-003,CCN\1C2=C(C=CC(=C2)OC)S/C1=C/C(=O)C
25,300801-52-9,TG-003,CCN\1C2=C(C=CC(=C2)OC)S/C1=C\C(=O)C
26,300801-52-9,TG-003,CCN1C2=C(C=CC(=C2)OC)SC1=CC(=O)C
27,300801-52-9,TG-003,CCN\1C2=C(C=CC(=C2)OC)S/C1=C/C(=O)C
28,300801-52-9,"1-(3-Ethyl-5-methoxy-1,3-benzothiazol-2-ylidene)propan-2-one",CCN\1C2=C(C=CC(=C2)OC)S/C1=C\C(=O)C
29,300801-52-9,"1-(3-Ethyl-5-methoxy-1,3-benzothiazol-2-ylidene)propan-2-one",CCN1C2=C(C=CC(=C2)OC)SC1=CC(=O)C
30,300801-52-9,"1-(3-Ethyl-5-methoxy-1,3-benzothiazol-2-ylidene)propan-2-one",CCN\1C2=C(C=CC(=C2)OC)S/C1=C/C(=O)C
31,300801-52-9,"1-(3-Ethyl-5-methoxy-1,3-benzothiazol-2-ylidene)propan-2-one",CCN\1C2=C(C=CC(=C2)OC)S/C1=C\C(=O)C
32,300801-52-9,"1-(3-Ethyl-5-methoxy-1,3-benzothiazol-2-ylidene)propan-2-one",CCN1C2=C(C=CC(=C2)OC)SC1=CC(=O)C
33,300801-52-9,"1-(3-Ethyl-5-methoxy-1,3-benzothiazol-2-ylidene)propan-2-one",CCN\1C2=C(C=CC(=C2)OC)S/C1=C/C(=O)C
34,300801-52-9,"1-(3-Ethyl-5-methoxy-1,3-benzothiazol-2-ylidene)propan-2-one",CCN\1C2=C(C=CC(=C2)OC)S/C1=C\C(=O)C
35,300801-52-9,"1-(3-Ethyl-5-methoxy-1,3-benzothiazol-2-ylidene)propan-2-one",CCN1C2=C(C=CC(=C2)OC)SC1=CC(=O)C
36,300801-52-9,"1-(3-Ethyl-5-methoxy-1,3-benzothiazol-2-ylidene)propan-2-one",CCN\1C2=C(C=CC(=C2)OC)S/C1=C/C(=O)C
37,300801-52-9,"(1E)-1-(3-ethyl-5-methoxy-1,3-benzothiazol-2-ylidene)propan-2-one",CCN\1C2=C(C=CC(=C2)OC)S/C1=C\C(=O)C
38,300801-52-9,"(1E)-1-(3-ethyl-5-methoxy-1,3-benzothiazol-2-ylidene)propan-2-one",CCN1C2=C(C=CC(=C2)OC)SC1=CC(=O)C
39,300801-52-9,"(1E)-1-(3-ethyl-5-methoxy-1,3-benzothiazol-2-ylidene)propan-2-one",CCN\1C2=C(C=CC(=C2)OC)S/C1=C/C(=O)C
40,300801-52-9,"(1E)-1-(3-ethyl-5-methoxy-1,3-benzothiazol-2-ylidene)propan-2-one",CCN\1C2=C(C=CC(=C2)OC)S/C1=C\C(=O)C
41,300801-52-9,"(1E)-1-(3-ethyl-5-methoxy-1,3-benzothiazol-2-ylidene)propan-2-one",CCN1C2=C(C=CC(=C2)OC)SC1=CC(=O)C
42,300801-52-9,"(1E)-1-(3-ethyl-5-methoxy-1,3-benzothiazol-2-ylidene)propan-2-one",CCN\1C2=C(C=CC(=C2)OC)S/C1=C/C(=O)C
43,300801-52-9,"(1E)-1-(3-ethyl-5-methoxy-1,3-benzothiazol-2-ylidene)propan-2-one",CCN\1C2=C(C=CC(=C2)OC)S/C1=C\C(=O)C
44,300801-52-9,"(1E)-1-(3-ethyl-5-methoxy-1,3-benzothiazol-2-ylidene)propan-2-one",CCN1C2=C(C=CC(=C2)OC)SC1=CC(=O)C
45,300801-52-9,"(1E)-1-(3-ethyl-5-methoxy-1,3-benzothiazol-2-ylidene)propan-2-one",CCN\1C2=C(C=CC(=C2)OC)S/C1=C/C(=O)C
46,52029-86-4,Sto-609,C1=CC=C2C(=C1)N=C3N2C(=O)C4=CC=CC5=C(C=CC3=C54)C(=O)O
47,190654-01-4,"N2-[(1S,2R)-2-aminocyclohexyl]-N6-(3-chlorophenyl)-9-ethylpurine-2,6-diamine",CCN1C=NC2=C(N=C(N=C21)N[C@H]3CCCC[C@H]3N)NC4=CC(=CC=C4)Cl
48,186692-46-6,Roscovitine,CC[C@H](CO)NC1=NC(=C2C(=N1)N(C=N2)C(C)C)NCC3=CC=CC=C3
49,119139-23-0,Arcyriarubin A,C1=CC=C2C(=C1)C(=CN2)C3=C(C(=O)NC3=O)C4=CNC5=CC=CC=C54
50,312636-16-1,4-((4-(4-Chlorophenyl)-2-thiazolyl)amino)phenol,C1=CC(=CC=C1C2=CSC(=N2)NC3=CC=C(C=C3)O)Cl
51,171745-13-4,"4-(3-Bromoanilino)-6,7-diethoxyquinazoline",CCOC1=C(C=C2C(=C1)C(=NC=N2)NC3=CC(=CC=C3)Br)OCC
52,53123-88-9,Sirolimus,C[C@@H]1CC[C@H]2C[C@@H](/C(=C/C=C/C=C/[C@H](C[C@H](C(=O)[C@@H]([C@@H](/C(=C/[C@H](C(=O)C[C@H](OC(=O)[C@@H]3CCCCN3C(=O)C(=O)[C@@]1(O2)O)[C@H](C)C[C@@H]4CC[C@H]([C@@H](C4)OC)O)C)/C)O)OC)C)C)/C)OC
53,507475-17-4,Tpca-1,C1=CC(=CC=C1C2=CC(=C(S2)NC(=O)N)C(=O)N)F
54,219138-24-6,"2-(4-Chlorophenyl)-4-(4-fluorophenyl)-1,2-dihydro-5-(4-pyridinyl)-3H-pyrazol-3-one",C1=CC(=CC=C1C2=C(NN(C2=O)C3=CC=C(C=C3)Cl)C4=CC=NC=C4)F
55,312917-14-9,JNK inhibitor IX,C1CCC2=C(C1)C(=C(S2)NC(=O)C3=CC=CC4=CC=CC=C43)C#N
56,120685-11-2,Midostaurin,C[C@@]12[C@@H]([C@@H](C[C@@H](O1)N3C4=CC=CC=C4C5=C6C(=C7C8=CC=CC=C8N2C7=C53)CNC6=O)N(C)C(=O)C9=CC=CC=C9)OC
57,2826-26-8,Tyrphostin A1,COC1=CC=C(C=C1)C=C(C#N)C#N
58,65678-07-1,Tyrphostin AG 1024,CC(C)(C)C1=C(C(=CC(=C1)C=C(C#N)C#N)Br)O
59,145915-60-2,Cgp53353,C1=CC(=CC=C1NC2=C(C=C3C(=C2)C(=O)NC3=O)NC4=CC=C(C=C4)F)F
60,139298-40-1,N-(2-(((3-(4-Chlorophenyl)-2-propen-1-yl)methylamino)methyl)phenyl)-N-(2-hydroxyethyl)-4-methoxybenzenesulfonamide,CN(CC=CC1=CC=C(C=C1)Cl)CC2=CC=CC=C2N(CCO)S(=O)(=O)C3=CC=C(C=C3)OC
61,133053-19-7,Go 6983,CN(C)CCCN1C=C(C2=C1C=CC(=C2)OC)C3=C(C(=O)NC3=O)C4=CNC5=CC=CC=C54
62,871307-18-5,Tpl2 Kinase Inhibitor,C1=CC(=CN=C1)CNC2=NC=C3C(=C2)C(=C(C=N3)C#N)NC4=CC(=C(C=C4)F)Cl
63,103745-39-7,Fasudil,C1CNCCN(C1)S(=O)(=O)C2=CC=CC3=C2C=CN=C3
64,141992-47-4,"1,4-Dimethyoxy-9(10H)-acridinone",COC1=C2C(=C(C=C1)OC)NC3=CC=CC=C3C2=S
65,913844-45-8,Glycyl-H 1152 dihydrochloride,C[C@H]1CN(CCCN1S(=O)(=O)C2=CC=CC3=C2C(=CN=C3)C)C(=O)CN.Cl.Cl
66,913844-45-8,Glycyl-H 1152 dihydrochloride,C[C@H]1CN(CCCN1S(=O)(=O)C2=CC=CC3=C2C(=CN=C3)C)C(=O)CN
67,913844-45-8,Glycyl-H 1152 dihydrochloride,C[C@H]1CN(CCCN1S(=O)(=O)C2=CC=CC3=C2C(=CN=C3)C)C(=O)CN.Cl.Cl
68,913844-45-8,Glycyl-H 1152 dihydrochloride,C[C@H]1CN(CCCN1S(=O)(=O)C2=CC=CC3=C2C(=CN=C3)C)C(=O)CN
69,913844-45-8,glycyl-H 1152,C[C@H]1CN(CCCN1S(=O)(=O)C2=CC=CC3=C2C(=CN=C3)C)C(=O)CN.Cl.Cl
70,913844-45-8,glycyl-H 1152,C[C@H]1CN(CCCN1S(=O)(=O)C2=CC=CC3=C2C(=CN=C3)C)C(=O)CN
71,913844-45-8,glycyl-H 1152,C[C@H]1CN(CCCN1S(=O)(=O)C2=CC=CC3=C2C(=CN=C3)C)C(=O)CN.Cl.Cl
72,913844-45-8,glycyl-H 1152,C[C@H]1CN(CCCN1S(=O)(=O)C2=CC=CC3=C2C(=CN=C3)C)C(=O)CN
73,15966-93-5,Vegf receptor 2 kinase inhibitor I,CCOC(=O)C1=C(NC(=C1C)/C=C\2/C3=CC=CC=C3NC2=O)C
74,216661-57-3,"6-(4-Methoxyphenyl)-3-(3-thienyl)-pyrazolo(1,5-a)pyrimidine",COC1=CC=C(C=C1)C2=CN3C(=C(C=N3)C4=CSC=C4)N=C2
75,136194-77-9,"12-(2-cyanoethyl)-6,7,12,13-tetrahydro-13-methyl-5-oxo-5H-indolo(2,3-a)pyrrolo(3,4-c)carbazole",CN1C2=CC=CC=C2C3=C4C(=C5C6=CC=CC=C6N(C5=C31)CCC#N)CNC4=O
76,587871-26-9,KU-55933,C1COCCN1C2=CC(=O)C=C(O2)C3=C4C(=CC=C3)SC5=CC=CC=C5S4
77,205254-94-0,PDGF Receptor Tyrosine Kinase Inhibitor III,COC1=C(C=C2C(=C1)C(=NC=N2)N3CCN(CC3)C(=O)NC4=CC=C(C=C4)OC5=CC=CC=C5)OC
78,581098-48-8,4-[5-(4-fluorophenyl)-2-(methylthio)-1H-imidazol-4-yl]-N-[(1S)-1-phenylethyl]-2-pyridinamine,C[C@@H](C1=CC=CC=C1)NC2=NC=CC(=C2)C3=C(NC(=N3)SC)C4=CC=C(C=C4)F
79,19542-67-7,(2E)-3-(4-methylbenzenesulfonyl)prop-2-enenitrile,CC1=CC=C(C=C1)S(=O)(=O)/C=C/C#N
80,1485-00-3,"3,4-Methylenedioxy-beta-nitrostyrene",C1OC2=C(O1)C=C(C=C2)/C=C/[N+](=O)[O-]
81,345616-52-6,1-nitro-2-[(E)-[5-(4-nitrophenyl)furan-2-yl]methylideneamino]guanidine,C1=CC(=CC=C1C2=CC=C(O2)/C=N/N=C(\N)/N[N+](=O)[O-])[N+](=O)[O-]
82,146986-50-7,Ximelegatran,C[C@H](C1CCC(CC1)C(=O)NC2=CC=NC=C2)N
83,135897-06-2,SB 218078,C1CC2N3C4=CC=CC=C4C5=C6C(=C7C8=CC=CC=C8N(C1O2)C7=C53)C(=O)NC6=O
84,171179-06-9,Pd 158780,CNC1=NC=C2C(=C1)C(=NC=N2)NC3=CC(=CC=C3)Br
85,5812-07-7,3-(4-Dimethylaminobenzylidenyl)-2-indolinone,CN(C)C1=CC=C(C=C1)C=C2C3=CC=CC=C3NC2=O
86,305350-87-2,alpha-(Amino((4-aminophenyl)thio)methylene)-2-(trifluoromethyl)benzeneacetonitrile,C1=CC=C(C(=C1)C(=C(N)SC2=CC=C(C=C2)N)C#N)C(F)(F)F
87,204005-46-9,Semaxinib,CC1=CC(=C(N1)C=C2C3=CC=CC=C3NC2=O)C
88,443797-96-4,Jnj-7706621,C1=CC(=C(C(=C1)F)C(=O)N2C(=NC(=N2)NC3=CC=C(C=C3)S(=O)(=O)N)N)F
89,405169-16-6,Dovitinib,CN1CCN(CC1)C2=CC3=C(C=C2)N=C(N3)C4=C(C5=C(C=CC=C5F)NC4=O)N
90,133052-90-1,"3-(1-(3-(Dimethylamino)propyl)-1H-indol-3-yl)-4-(1H-indol-3-yl)-1H-pyrrole-2,5-dione",CN(C)CCCN1C=C(C2=CC=CC=C21)C3=C(C(=O)NC3=O)C4=CNC5=CC=CC=C54
91,404009-46-7,DNA-PK inhibitor V,C1COCCN1C2=CC(=C(C=C2)C(=O)C3=CC=CC=C3)O
92,226717-28-8,Agl 2043,CC1=NC2=C(N1C)C=C3C(=C2)N=C(C=N3)C4=CC=CS4
93,301836-43-1,"4-(4-(2,3-dihydrobenzo(1,4)dioxin-6-yl)-5-pyridin-2-yl-1H-imidazol-2-yl)benzamide",C1COC2=C(O1)C=CC(=C2)C3=C(NC(=N3)C4=CC=C(C=C4)C(=O)N)C5=CC=CC=N5
94,5334-30-5,"4-Amino-1-phenylpyrazolo(3,4-d)pyrimidine",C1=CC=C(C=C1)N2C3=NC=NC(=C3C=N2)N
95,318480-82-9,SC-68376,CC1=NC(=C(O1)C2=CC=NC=C2)C3=CC=CC=C3
96,127243-85-0,protein kinase inhibitor H89,C1=CC2=C(C=CN=C2)C(=C1)S(=O)(=O)NCCNC/C=C/C3=CC=C(C=C3)Br
97,127243-85-0,protein kinase inhibitor H89,C1=CC2=C(C=CN=C2)C(=C1)S(=O)(=O)NCCNC/C=C/C3=CC=C(C=C3)Br.Cl.Cl
98,127243-85-0,protein kinase inhibitor H89,C1=CC2=C(C=CN=C2)C(=C1)S(=O)(=O)NCCNC/C=C/C3=CC=C(C=C3)Br
99,127243-85-0,protein kinase inhibitor H89,C1=CC2=C(C=CN=C2)C(=C1)S(=O)(=O)NCCNC/C=C/C3=CC=C(C=C3)Br.Cl.Cl
100,127243-85-0,H-89 Dihydrochloride,C1=CC2=C(C=CN=C2)C(=C1)S(=O)(=O)NCCNC/C=C/C3=CC=C(C=C3)Br
101,127243-85-0,H-89 Dihydrochloride,C1=CC2=C(C=CN=C2)C(=C1)S(=O)(=O)NCCNC/C=C/C3=CC=C(C=C3)Br.Cl.Cl
102,127243-85-0,H-89 Dihydrochloride,C1=CC2=C(C=CN=C2)C(=C1)S(=O)(=O)NCCNC/C=C/C3=CC=C(C=C3)Br
103,127243-85-0,H-89 Dihydrochloride,C1=CC2=C(C=CN=C2)C(=C1)S(=O)(=O)NCCNC/C=C/C3=CC=C(C=C3)Br.Cl.Cl
104,934358-00-6,Tetrabromocinnamic acid,C1=C(C(=C(C(=C1Br)Br)Br)Br)/C=C/C(=O)O
105,220749-41-7,3-[(2-chloro-1H-indol-3-yl)methylidene]-1H-indol-2-one,C1=CC=C2C(=C1)C(=CC3=C(NC4=CC=CC=C43)Cl)C(=O)N2
106,220749-41-7,3-[(2-chloro-1H-indol-3-yl)methylidene]-1H-indol-2-one,C1=CC=C2C(=C1)/C(=C\C3=C(NC4=CC=CC=C43)Cl)/C(=O)N2
107,220749-41-7,3-[(2-chloro-1H-indol-3-yl)methylidene]-1H-indol-2-one,C1=CC=C2C(=C1)/C(=C/C3=C(NC4=CC=CC=C43)Cl)/C(=O)N2
108,220749-41-7,3-[(2-chloro-1H-indol-3-yl)methylidene]-1H-indol-2-one,C1=CC=C2C(=C1)C(=CC3=C(NC4=CC=CC=C43)Cl)C(=O)N2
109,220749-41-7,3-[(2-chloro-1H-indol-3-yl)methylidene]-1H-indol-2-one,C1=CC=C2C(=C1)/C(=C\C3=C(NC4=CC=CC=C43)Cl)/C(=O)N2
110,220749-41-7,3-[(2-chloro-1H-indol-3-yl)methylidene]-1H-indol-2-one,C1=CC=C2C(=C1)/C(=C/C3=C(NC4=CC=CC=C43)Cl)/C(=O)N2
111,220749-41-7,3-[(2-chloro-1H-indol-3-yl)methylidene]-1H-indol-2-one,C1=CC=C2C(=C1)C(=CC3=C(NC4=CC=CC=C43)Cl)C(=O)N2
112,220749-41-7,3-[(2-chloro-1H-indol-3-yl)methylidene]-1H-indol-2-one,C1=CC=C2C(=C1)/C(=C\C3=C(NC4=CC=CC=C43)Cl)/C(=O)N2
113,220749-41-7,3-[(2-chloro-1H-indol-3-yl)methylidene]-1H-indol-2-one,C1=CC=C2C(=C1)/C(=C/C3=C(NC4=CC=CC=C43)Cl)/C(=O)N2
114,220749-41-7,Cdk1 inhibitor,C1=CC=C2C(=C1)C(=CC3=C(NC4=CC=CC=C43)Cl)C(=O)N2
115,220749-41-7,Cdk1 inhibitor,C1=CC=C2C(=C1)/C(=C\C3=C(NC4=CC=CC=C43)Cl)/C(=O)N2
116,220749-41-7,Cdk1 inhibitor,C1=CC=C2C(=C1)/C(=C/C3=C(NC4=CC=CC=C43)Cl)/C(=O)N2
117,220749-41-7,Cdk1 inhibitor,C1=CC=C2C(=C1)C(=CC3=C(NC4=CC=CC=C43)Cl)C(=O)N2
118,220749-41-7,Cdk1 inhibitor,C1=CC=C2C(=C1)/C(=C\C3=C(NC4=CC=CC=C43)Cl)/C(=O)N2
119,220749-41-7,Cdk1 inhibitor,C1=CC=C2C(=C1)/C(=C/C3=C(NC4=CC=CC=C43)Cl)/C(=O)N2
120,220749-41-7,Cdk1 inhibitor,C1=CC=C2C(=C1)C(=CC3=C(NC4=CC=CC=C43)Cl)C(=O)N2
121,220749-41-7,Cdk1 inhibitor,C1=CC=C2C(=C1)/C(=C\C3=C(NC4=CC=CC=C43)Cl)/C(=O)N2
122,220749-41-7,Cdk1 inhibitor,C1=CC=C2C(=C1)/C(=C/C3=C(NC4=CC=CC=C43)Cl)/C(=O)N2
123,220749-41-7,CID 5353486,C1=CC=C2C(=C1)C(=CC3=C(NC4=CC=CC=C43)Cl)C(=O)N2
124,220749-41-7,CID 5353486,C1=CC=C2C(=C1)/C(=C\C3=C(NC4=CC=CC=C43)Cl)/C(=O)N2
125,220749-41-7,CID 5353486,C1=CC=C2C(=C1)/C(=C/C3=C(NC4=CC=CC=C43)Cl)/C(=O)N2
126,220749-41-7,CID 5353486,C1=CC=C2C(=C1)C(=CC3=C(NC4=CC=CC=C43)Cl)C(=O)N2
127,220749-41-7,CID 5353486,C1=CC=C2C(=C1)/C(=C\C3=C(NC4=CC=CC=C43)Cl)/C(=O)N2
128,220749-41-7,CID 5353486,C1=CC=C2C(=C1)/C(=C/C3=C(NC4=CC=CC=C43)Cl)/C(=O)N2
129,220749-41-7,CID 5353486,C1=CC=C2C(=C1)C(=CC3=C(NC4=CC=CC=C43)Cl)C(=O)N2
130,220749-41-7,CID 5353486,C1=CC=C2C(=C1)/C(=C\C3=C(NC4=CC=CC=C43)Cl)/C(=O)N2
131,220749-41-7,CID 5353486,C1=CC=C2C(=C1)/C(=C/C3=C(NC4=CC=CC=C43)Cl)/C(=O)N2
132,601514-19-6,Tws119,C1=CC(=CC(=C1)N)C2=CC3=C(N2)N=CN=C3OC4=CC=CC(=C4)O
133,443798-55-8,Cdk1/2 Inhibitor III,C1=CC(=C(C(=C1)F)NC(=S)N2C(=NC(=N2)NC3=CC=C(C=C3)S(=O)(=O)N)N)F
134,152121-47-6,Sb-203580,CS(=O)C1=CC=C(C=C1)C2=NC(=C(N2)C3=CC=NC=C3)C4=CC=C(C=C4)F
135,154447-38-8,LY 303511,C1CN(CCN1)C2=CC(=O)C3=C(O2)C(=CC=C3)C4=CC=CC=C4
136,244148-46-7,Isogranulatimide,C1=CC=C2C(=C1)C3=C4C(=C(NC4=O)O)C5=CN=CN5C3=N2
137,54642-23-8,"JNK Inhibitor II, Negative Control",CN1C2=CC=CC3=C2C(=N1)C4=CC=CC=C4C3=O
138,167869-21-8,2-(2-amino-3-methoxyphenyl)-4H-1-benzopyran-4-one,COC1=CC=CC(=C1N)C2=CC(=O)C3=CC=CC=C3O2
139,72873-74-6,"6-(4-Fluorophenyl)-2,3-dihydro-5-(4-pyridinyl)imidazo(2,1-b)thiazole",C1CSC2=NC(=C(N21)C3=CC=NC=C3)C4=CC=C(C=C4)F
140,186611-52-9,IC261,COC1=CC(=C(C(=C1)OC)/C=C/2\C3=CC=CC=C3NC2=O)OC
141,639089-54-6,Tozasertib,CC1=CC(=NN1)NC2=CC(=NC(=N2)SC3=CC=C(C=C3)NC(=O)C4CC4)N5CCN(CC5)C
142,179248-61-4,EGFR/ErbB-2 inhibitor,COC1=C(C=C2C(=C1)C(=NC=N2)NC3=CC=C(C=C3)OCC4=CC=CC=C4)OC
143,265312-55-8,Ryuvidine,CC1=CC=C(C=C1)NC2=CC(=O)C3=C(C2=O)N=C(S3)C
144,220792-57-4,aminopurvalanol A,CC(C)[C@H](CO)NC1=NC(=C2C(=N1)N(C=N2)C(C)C)NC3=CC(=CC(=C3)N)Cl
145,371935-74-9,"3-(4-(4-Morpholinyl)pyrido(3',2':4,5)furo(3,2-d)pyrimidin-2-yl)phenol",C1COCCN1C2=NC(=NC3=C2OC4=C3C=CC=N4)C5=CC(=CC=C5)O
146,667463-62-9,6-Bromoindirubin-3'-oxime,C1=CC=C2C(=C1)C(=C(N2)C3=C(NC4=C3C=CC(=C4)Br)O)N=O
147,852045-46-6,Flt-3 Inhibitor III,C1CCN(C1)CCOC2=CC=C(C=C2)NC3=NC=C(S3)C4=CC=CC=C4
148,546102-60-7,Cdk4 Inhibitor,C1=CC=C2C(=C1)C3=C4C(=C5C6=C(C=C(C=C6)Br)NC5=C3N2)C(=O)NC4=O
149,211555-04-3,Whi-P154,COC1=C(C=C2C(=C1)C(=NC=N2)NC3=CC(=C(C=C3)O)Br)OC
150,212779-48-1,2-({6-[(3-Chlorophenyl)amino]-9-isopropyl-9H-purin-2-yl}amino)ethanol,CC(C)N1C=NC2=C(N=C(N=C21)NCCO)NC3=CC(=CC=C3)Cl
151,97161-97-2,"Methyl 16-hydroxy-15-methyl-3-oxo-28-oxa-4,14,19-triazaoctacyclo[12.11.2.115,18.02,6.07,27.08,13.019,26.020,25]octacosa-1,6,8,10,12,20,22,24,26-nonaene-16-carboxylate",CC12C(CC(O1)N3C4=CC=CC=C4C5=C6C(=C7C8=CC=CC=C8N2C7=C53)CNC6=O)(C(=O)OC)O
152,41179-33-3,MK2a Inhibitor,C1=CC=C(C(=C1)C2=CC=C(C=C2)CCCC(=O)NC3=CC=C(C=C3)O)F
153,133550-30-8,AG-490,C1=CC=C(C=C1)CNC(=O)/C(=C/C2=CC(=C(C=C2)O)O)/C#N
154,183319-69-9,Erlotinib Hydrochloride,COCCOC1=C(C=C2C(=C1)C(=NC=N2)NC3=CC=CC(=C3)C#C)OCCOC.Cl
155,866405-64-3,Dorsomorphin,C1CCN(CC1)CCOC2=CC=C(C=C2)C3=CN4C(=C(C=N4)C5=CC=NC=C5)N=C3
156,658084-23-2,SU11274,CC1=C(NC(=C1C(=O)N2CCN(CC2)C)C)/C=C\3/C4=C(C=CC(=C4)S(=O)(=O)N(C)C5=CC(=CC=C5)Cl)NC3=O
157,545380-34-5,Evp4593,C1=CC=C(C=C1)OC2=CC=C(C=C2)CCNC3=NC=NC4=C3C=C(C=C4)N
158,302962-49-8,Dasatinib,CC1=C(C(=CC=C1)Cl)NC(=O)C2=CN=C(S2)NC3=CC(=NC(=N3)C)N4CCN(CC4)CCO
159,648450-29-7,AS-605240,C1=CC2=NC=CN=C2C=C1/C=C/3\C(=O)NC(=O)S3
160,608512-97-6,Imidazolo-oxindole PKR inhibitor C16,C1=CC2=C(C\3=C1NC(=O)/C3=C\C4=CN=CN4)SC=N2
161,330161-87-0,"2,3-dihydro-N,N-dimethyl-2-oxo-3-((4,5,6,7-tetrahydro-1H-indol-2-yl)methylene)-1H-Indole-5-sulfonamide",CN(C)S(=O)(=O)C1=CC2=C(C=C1)NC(=O)C2=CC3=CC4=C(N3)CCCC4
162,70563-58-5,Herbimycin A,C[C@H]1C[C@@H]([C@@H]([C@H](/C=C(/[C@@H]([C@H](/C=C\C=C(\C(=O)NC2=CC(=O)C=C([C@@H]1OC)C2=O)/C)OC)OC(=O)N)\C)C)OC)OC
163,152121-53-4,PD-169316,C1=CC(=CC=C1C2=NC(=C(N2)C3=CC=NC=C3)C4=CC=C(C=C4)F)[N+](=O)[O-]
164,19545-26-7,Wortmannin,CC(=O)O[C@@H]1C[C@]2([C@@H](CCC2=O)C3=C1[C@]4([C@H](OC(=O)C5=COC(=C54)C3=O)COC)C)C
165,443913-73-3,Vandetanib,CN1CCC(CC1)COC2=C(C=C3C(=C2)N=CN=C3NC4=C(C=C(C=C4)Br)F)OC
166,865362-74-9,FR-180204,C1=CC=C(C=C1)C2=NN3C=CC=CC3=C2C4=CC5=C(NN=C5N=N4)N
167,179248-59-0,Src Kinase Inhibitor I,COC1=C(C=C2C(=C1)C(=NC=N2)NC3=CC=C(C=C3)OC4=CC=CC=C4)OC
168,612847-09-3,Akt inhibitor VIII,C1CN(CCC1N2C3=CC=CC=C3NC2=O)CC4=CC=C(C=C4)C5=C(N=C6C=C7C(=NC=N7)C=C6N5)C8=CC=CC=C8
169,62996-74-1,Staurosporine,C[C@@]12[C@@H]([C@@H](C[C@@H](O1)N3C4=CC=CC=C4C5=C6C(=C7C8=CC=CC=C8N2C7=C53)CNC6=O)NC)OC
170,216163-53-0,PD 174265,CCC(=O)NC1=CC2=C(C=C1)N=CN=C2NC3=CC(=CC=C3)Br
171,146535-11-7,"6,7-Dimethoxy-3-phenylquinoxaline",COC1=C(C=C2C(=C1)N=CC(=N2)C3=CC=CC=C3)OC
172,154447-35-5,NU-7026,C1COCCN1C2=CC(=O)C3=C(O2)C4=CC=CC=C4C=C3
173,444723-13-1,NU6140,CCN(CC)C(=O)C1=CC=C(C=C1)NC2=NC3=C(C(=N2)OCC4CCCCC4)NC=N3
174,114719-57-2,Fascaplysin,C1=CC=C2C(=C1)C3=C(N2)C4=[N+](C=C3)C5=CC=CC=C5C4=O
175,220127-57-1,Imatinib Mesylate,CC1=C(C=C(C=C1)NC(=O)C2=CC=C(C=C2)CN3CCN(CC3)C)NC4=NC=CC(=N4)C5=CN=CC=C5.CS(=O)(=O)O
176,227449-73-2,2-[(2-Aminoethyl)amino]-4-[[3-(trifluoromethyl)phenyl]amino]-5-pyrimidinecarboxamideHydrochloride,C1=CC(=CC(=C1)NC2=NC(=NC=C2C(=O)N)NCCN)C(F)(F)F.Cl.Cl
177,227449-73-2,2-[(2-Aminoethyl)amino]-4-[[3-(trifluoromethyl)phenyl]amino]-5-pyrimidinecarboxamideHydrochloride,C1=CC(=CC(=C1)NC2=NC(=NC=C2C(=O)N)NCCN)C(F)(F)F.O.O.Cl.Cl
178,227449-73-2,2-[(2-Aminoethyl)amino]-4-[[3-(trifluoromethyl)phenyl]amino]-5-pyrimidinecarboxamideHydrochloride,C1=CC(=CC(=C1)NC2=NC(=NC=C2C(=O)N)NCCN)C(F)(F)F.Cl
179,227449-73-2,2-[(2-Aminoethyl)amino]-4-[[3-(trifluoromethyl)phenyl]amino]-5-pyrimidinecarboxamideHydrochloride,C1=CC(=CC(=C1)NC2=NC(=NC=C2C(=O)N)NCCN)C(F)(F)F.Cl.Cl
180,227449-73-2,2-[(2-Aminoethyl)amino]-4-[[3-(trifluoromethyl)phenyl]amino]-5-pyrimidinecarboxamideHydrochloride,C1=CC(=CC(=C1)NC2=NC(=NC=C2C(=O)N)NCCN)C(F)(F)F.O.O.Cl.Cl
181,227449-73-2,2-[(2-Aminoethyl)amino]-4-[[3-(trifluoromethyl)phenyl]amino]-5-pyrimidinecarboxamideHydrochloride,C1=CC(=CC(=C1)NC2=NC(=NC=C2C(=O)N)NCCN)C(F)(F)F.Cl
182,227449-73-2,2-[(2-Aminoethyl)amino]-4-[[3-(trifluoromethyl)phenyl]amino]-5-pyrimidinecarboxamideHydrochloride,C1=CC(=CC(=C1)NC2=NC(=NC=C2C(=O)N)NCCN)C(F)(F)F.Cl.Cl
183,227449-73-2,2-[(2-Aminoethyl)amino]-4-[[3-(trifluoromethyl)phenyl]amino]-5-pyrimidinecarboxamideHydrochloride,C1=CC(=CC(=C1)NC2=NC(=NC=C2C(=O)N)NCCN)C(F)(F)F.O.O.Cl.Cl
184,227449-73-2,2-[(2-Aminoethyl)amino]-4-[[3-(trifluoromethyl)phenyl]amino]-5-pyrimidinecarboxamideHydrochloride,C1=CC(=CC(=C1)NC2=NC(=NC=C2C(=O)N)NCCN)C(F)(F)F.Cl
185,227449-73-2,"2-(2-Aminoethylamino)-4-(3-trifluoromethylanilino)-pyrimidine-5-carboxamide, Dihydrochloride, Dihydrate",C1=CC(=CC(=C1)NC2=NC(=NC=C2C(=O)N)NCCN)C(F)(F)F.Cl.Cl
186,227449-73-2,"2-(2-Aminoethylamino)-4-(3-trifluoromethylanilino)-pyrimidine-5-carboxamide, Dihydrochloride, Dihydrate",C1=CC(=CC(=C1)NC2=NC(=NC=C2C(=O)N)NCCN)C(F)(F)F.O.O.Cl.Cl
187,227449-73-2,"2-(2-Aminoethylamino)-4-(3-trifluoromethylanilino)-pyrimidine-5-carboxamide, Dihydrochloride, Dihydrate",C1=CC(=CC(=C1)NC2=NC(=NC=C2C(=O)N)NCCN)C(F)(F)F.Cl
188,227449-73-2,"2-(2-Aminoethylamino)-4-(3-trifluoromethylanilino)-pyrimidine-5-carboxamide, Dihydrochloride, Dihydrate",C1=CC(=CC(=C1)NC2=NC(=NC=C2C(=O)N)NCCN)C(F)(F)F.Cl.Cl
189,227449-73-2,"2-(2-Aminoethylamino)-4-(3-trifluoromethylanilino)-pyrimidine-5-carboxamide, Dihydrochloride, Dihydrate",C1=CC(=CC(=C1)NC2=NC(=NC=C2C(=O)N)NCCN)C(F)(F)F.O.O.Cl.Cl
190,227449-73-2,"2-(2-Aminoethylamino)-4-(3-trifluoromethylanilino)-pyrimidine-5-carboxamide, Dihydrochloride, Dihydrate",C1=CC(=CC(=C1)NC2=NC(=NC=C2C(=O)N)NCCN)C(F)(F)F.Cl
191,227449-73-2,"2-(2-Aminoethylamino)-4-(3-trifluoromethylanilino)-pyrimidine-5-carboxamide, Dihydrochloride, Dihydrate",C1=CC(=CC(=C1)NC2=NC(=NC=C2C(=O)N)NCCN)C(F)(F)F.Cl.Cl
192,227449-73-2,"2-(2-Aminoethylamino)-4-(3-trifluoromethylanilino)-pyrimidine-5-carboxamide, Dihydrochloride, Dihydrate",C1=CC(=CC(=C1)NC2=NC(=NC=C2C(=O)N)NCCN)C(F)(F)F.O.O.Cl.Cl
193,227449-73-2,"2-(2-Aminoethylamino)-4-(3-trifluoromethylanilino)-pyrimidine-5-carboxamide, Dihydrochloride, Dihydrate",C1=CC(=CC(=C1)NC2=NC(=NC=C2C(=O)N)NCCN)C(F)(F)F.Cl
194,227449-73-2,Syk Inhibitor II hydrochloride,C1=CC(=CC(=C1)NC2=NC(=NC=C2C(=O)N)NCCN)C(F)(F)F.Cl.Cl
195,227449-73-2,Syk Inhibitor II hydrochloride,C1=CC(=CC(=C1)NC2=NC(=NC=C2C(=O)N)NCCN)C(F)(F)F.O.O.Cl.Cl
196,227449-73-2,Syk Inhibitor II hydrochloride,C1=CC(=CC(=C1)NC2=NC(=NC=C2C(=O)N)NCCN)C(F)(F)F.Cl
197,227449-73-2,Syk Inhibitor II hydrochloride,C1=CC(=CC(=C1)NC2=NC(=NC=C2C(=O)N)NCCN)C(F)(F)F.Cl.Cl
198,227449-73-2,Syk Inhibitor II hydrochloride,C1=CC(=CC(=C1)NC2=NC(=NC=C2C(=O)N)NCCN)C(F)(F)F.O.O.Cl.Cl
199,227449-73-2,Syk Inhibitor II hydrochloride,C1=CC(=CC(=C1)NC2=NC(=NC=C2C(=O)N)NCCN)C(F)(F)F.Cl
200,227449-73-2,Syk Inhibitor II hydrochloride,C1=CC(=CC(=C1)NC2=NC(=NC=C2C(=O)N)NCCN)C(F)(F)F.Cl.Cl
201,227449-73-2,Syk Inhibitor II hydrochloride,C1=CC(=CC(=C1)NC2=NC(=NC=C2C(=O)N)NCCN)C(F)(F)F.O.O.Cl.Cl
202,227449-73-2,Syk Inhibitor II hydrochloride,C1=CC(=CC(=C1)NC2=NC(=NC=C2C(=O)N)NCCN)C(F)(F)F.Cl
203,165806-53-1,SB-220025,C1CNCCC1N2C=NC(=C2C3=NC(=NC=C3)N)C4=CC=C(C=C4)F
204,231277-92-2,Lapatinib,CS(=O)(=O)CCNCC1=CC=C(O1)C2=CC3=C(C=C2)N=CN=C3NC4=CC(=C(C=C4)OCC5=CC(=CC=C5)F)Cl
205,648449-76-7,AS 604850,C1=CC2=C(C=C1/C=C\3/C(=O)NC(=O)S3)OC(O2)(F)F
206,648449-76-7,AS 604850,C1=CC2=C(C=C1/C=C/3\C(=O)NC(=O)S3)OC(O2)(F)F
207,648449-76-7,AS 604850,C1=CC2=C(C=C1C=C3C(=O)NC(=O)S3)OC(O2)(F)F
208,648449-76-7,AS 604850,C1=CC2=C(C=C1/C=C\3/C(=O)NC(=O)S3)OC(O2)(F)F
209,648449-76-7,AS 604850,C1=CC2=C(C=C1/C=C/3\C(=O)NC(=O)S3)OC(O2)(F)F
210,648449-76-7,AS 604850,C1=CC2=C(C=C1C=C3C(=O)NC(=O)S3)OC(O2)(F)F
211,648449-76-7,AS 604850,C1=CC2=C(C=C1/C=C\3/C(=O)NC(=O)S3)OC(O2)(F)F
212,648449-76-7,AS 604850,C1=CC2=C(C=C1/C=C/3\C(=O)NC(=O)S3)OC(O2)(F)F
213,648449-76-7,AS 604850,C1=CC2=C(C=C1C=C3C(=O)NC(=O)S3)OC(O2)(F)F
214,648449-76-7,"5-(2,2-Difluoro-benzo[1,3]dioxol-5-ylmethylene)-thiazolidine-2,4-dione",C1=CC2=C(C=C1/C=C\3/C(=O)NC(=O)S3)OC(O2)(F)F
215,648449-76-7,"5-(2,2-Difluoro-benzo[1,3]dioxol-5-ylmethylene)-thiazolidine-2,4-dione",C1=CC2=C(C=C1/C=C/3\C(=O)NC(=O)S3)OC(O2)(F)F
216,648449-76-7,"5-(2,2-Difluoro-benzo[1,3]dioxol-5-ylmethylene)-thiazolidine-2,4-dione",C1=CC2=C(C=C1C=C3C(=O)NC(=O)S3)OC(O2)(F)F
217,648449-76-7,"5-(2,2-Difluoro-benzo[1,3]dioxol-5-ylmethylene)-thiazolidine-2,4-dione",C1=CC2=C(C=C1/C=C\3/C(=O)NC(=O)S3)OC(O2)(F)F
218,648449-76-7,"5-(2,2-Difluoro-benzo[1,3]dioxol-5-ylmethylene)-thiazolidine-2,4-dione",C1=CC2=C(C=C1/C=C/3\C(=O)NC(=O)S3)OC(O2)(F)F
219,648449-76-7,"5-(2,2-Difluoro-benzo[1,3]dioxol-5-ylmethylene)-thiazolidine-2,4-dione",C1=CC2=C(C=C1C=C3C(=O)NC(=O)S3)OC(O2)(F)F
220,648449-76-7,"5-(2,2-Difluoro-benzo[1,3]dioxol-5-ylmethylene)-thiazolidine-2,4-dione",C1=CC2=C(C=C1/C=C\3/C(=O)NC(=O)S3)OC(O2)(F)F
221,648449-76-7,"5-(2,2-Difluoro-benzo[1,3]dioxol-5-ylmethylene)-thiazolidine-2,4-dione",C1=CC2=C(C=C1/C=C/3\C(=O)NC(=O)S3)OC(O2)(F)F
222,648449-76-7,"5-(2,2-Difluoro-benzo[1,3]dioxol-5-ylmethylene)-thiazolidine-2,4-dione",C1=CC2=C(C=C1C=C3C(=O)NC(=O)S3)OC(O2)(F)F
223,648449-76-7,"5-[(2,2-Difluoro-1,3-benzodioxol-5-yl)methylene]-2,4-thiazolidinedione",C1=CC2=C(C=C1/C=C\3/C(=O)NC(=O)S3)OC(O2)(F)F
224,648449-76-7,"5-[(2,2-Difluoro-1,3-benzodioxol-5-yl)methylene]-2,4-thiazolidinedione",C1=CC2=C(C=C1/C=C/3\C(=O)NC(=O)S3)OC(O2)(F)F
225,648449-76-7,"5-[(2,2-Difluoro-1,3-benzodioxol-5-yl)methylene]-2,4-thiazolidinedione",C1=CC2=C(C=C1C=C3C(=O)NC(=O)S3)OC(O2)(F)F
226,648449-76-7,"5-[(2,2-Difluoro-1,3-benzodioxol-5-yl)methylene]-2,4-thiazolidinedione",C1=CC2=C(C=C1/C=C\3/C(=O)NC(=O)S3)OC(O2)(F)F
227,648449-76-7,"5-[(2,2-Difluoro-1,3-benzodioxol-5-yl)methylene]-2,4-thiazolidinedione",C1=CC2=C(C=C1/C=C/3\C(=O)NC(=O)S3)OC(O2)(F)F
228,648449-76-7,"5-[(2,2-Difluoro-1,3-benzodioxol-5-yl)methylene]-2,4-thiazolidinedione",C1=CC2=C(C=C1C=C3C(=O)NC(=O)S3)OC(O2)(F)F
229,648449-76-7,"5-[(2,2-Difluoro-1,3-benzodioxol-5-yl)methylene]-2,4-thiazolidinedione",C1=CC2=C(C=C1/C=C\3/C(=O)NC(=O)S3)OC(O2)(F)F
230,648449-76-7,"5-[(2,2-Difluoro-1,3-benzodioxol-5-yl)methylene]-2,4-thiazolidinedione",C1=CC2=C(C=C1/C=C/3\C(=O)NC(=O)S3)OC(O2)(F)F
231,648449-76-7,"5-[(2,2-Difluoro-1,3-benzodioxol-5-yl)methylene]-2,4-thiazolidinedione",C1=CC2=C(C=C1C=C3C(=O)NC(=O)S3)OC(O2)(F)F
232,509093-47-4,IRAK-1/4 inhibitor,C1COCCN1CCN2C3=CC=CC=C3N=C2NC(=O)C4=CC(=CC=C4)[N+](=O)[O-]
233,487021-52-3,AR-A014418,COC1=CC=C(C=C1)CNC(=O)NC2=NC=C(S2)[N+](=O)[O-]
234,854171-35-0,Indirubin E804,C1=CC=C2C(=C1)C(=C(N2)O)C\3=NC4=CC=CC=C4/C3=N\OCCC(CO)O
235,854171-35-0,Indirubin E804,C1=CC=C2C(=C1)C(=C(N2)O)C\3=NC4=CC=CC=C4/C3=N/OCCC(CO)O
236,854171-35-0,Indirubin E804,C1=CC=C2C(=C1)C(=C(N2)O)C3=NC4=CC=CC=C4C3=NOCCC(CO)O
237,854171-35-0,Indirubin E804,C1=CC=C2C(=C1)C(=C(N2)O)C\3=NC4=CC=CC=C4/C3=N\OCCC(CO)O
238,854171-35-0,Indirubin E804,C1=CC=C2C(=C1)C(=C(N2)O)C\3=NC4=CC=CC=C4/C3=N/OCCC(CO)O
239,854171-35-0,Indirubin E804,C1=CC=C2C(=C1)C(=C(N2)O)C3=NC4=CC=CC=C4C3=NOCCC(CO)O
240,854171-35-0,Indirubin E804,C1=CC=C2C(=C1)C(=C(N2)O)C\3=NC4=CC=CC=C4/C3=N\OCCC(CO)O
241,854171-35-0,Indirubin E804,C1=CC=C2C(=C1)C(=C(N2)O)C\3=NC4=CC=CC=C4/C3=N/OCCC(CO)O
242,854171-35-0,Indirubin E804,C1=CC=C2C(=C1)C(=C(N2)O)C3=NC4=CC=CC=C4C3=NOCCC(CO)O
243,854171-35-0,Indirubin Derivative E804,C1=CC=C2C(=C1)C(=C(N2)O)C\3=NC4=CC=CC=C4/C3=N\OCCC(CO)O
244,854171-35-0,Indirubin Derivative E804,C1=CC=C2C(=C1)C(=C(N2)O)C\3=NC4=CC=CC=C4/C3=N/OCCC(CO)O
245,854171-35-0,Indirubin Derivative E804,C1=CC=C2C(=C1)C(=C(N2)O)C3=NC4=CC=CC=C4C3=NOCCC(CO)O
246,854171-35-0,Indirubin Derivative E804,C1=CC=C2C(=C1)C(=C(N2)O)C\3=NC4=CC=CC=C4/C3=N\OCCC(CO)O
247,854171-35-0,Indirubin Derivative E804,C1=CC=C2C(=C1)C(=C(N2)O)C\3=NC4=CC=CC=C4/C3=N/OCCC(CO)O
248,854171-35-0,Indirubin Derivative E804,C1=CC=C2C(=C1)C(=C(N2)O)C3=NC4=CC=CC=C4C3=NOCCC(CO)O
249,854171-35-0,Indirubin Derivative E804,C1=CC=C2C(=C1)C(=C(N2)O)C\3=NC4=CC=CC=C4/C3=N\OCCC(CO)O
250,854171-35-0,Indirubin Derivative E804,C1=CC=C2C(=C1)C(=C(N2)O)C\3=NC4=CC=CC=C4/C3=N/OCCC(CO)O
251,854171-35-0,Indirubin Derivative E804,C1=CC=C2C(=C1)C(=C(N2)O)C3=NC4=CC=CC=C4C3=NOCCC(CO)O
252,854171-35-0,"3-[3-[(3,4-dihydroxybutoxy)imino]-1,3-dihydro-2H-indol-2-ylidene]-1,3-dihydro-2H-indol-2-one",C1=CC=C2C(=C1)C(=C(N2)O)C\3=NC4=CC=CC=C4/C3=N\OCCC(CO)O
253,854171-35-0,"3-[3-[(3,4-dihydroxybutoxy)imino]-1,3-dihydro-2H-indol-2-ylidene]-1,3-dihydro-2H-indol-2-one",C1=CC=C2C(=C1)C(=C(N2)O)C\3=NC4=CC=CC=C4/C3=N/OCCC(CO)O
254,854171-35-0,"3-[3-[(3,4-dihydroxybutoxy)imino]-1,3-dihydro-2H-indol-2-ylidene]-1,3-dihydro-2H-indol-2-one",C1=CC=C2C(=C1)C(=C(N2)O)C3=NC4=CC=CC=C4C3=NOCCC(CO)O
255,854171-35-0,"3-[3-[(3,4-dihydroxybutoxy)imino]-1,3-dihydro-2H-indol-2-ylidene]-1,3-dihydro-2H-indol-2-one",C1=CC=C2C(=C1)C(=C(N2)O)C\3=NC4=CC=CC=C4/C3=N\OCCC(CO)O
256,854171-35-0,"3-[3-[(3,4-dihydroxybutoxy)imino]-1,3-dihydro-2H-indol-2-ylidene]-1,3-dihydro-2H-indol-2-one",C1=CC=C2C(=C1)C(=C(N2)O)C\3=NC4=CC=CC=C4/C3=N/OCCC(CO)O
257,854171-35-0,"3-[3-[(3,4-dihydroxybutoxy)imino]-1,3-dihydro-2H-indol-2-ylidene]-1,3-dihydro-2H-indol-2-one",C1=CC=C2C(=C1)C(=C(N2)O)C3=NC4=CC=CC=C4C3=NOCCC(CO)O
258,854171-35-0,"3-[3-[(3,4-dihydroxybutoxy)imino]-1,3-dihydro-2H-indol-2-ylidene]-1,3-dihydro-2H-indol-2-one",C1=CC=C2C(=C1)C(=C(N2)O)C\3=NC4=CC=CC=C4/C3=N\OCCC(CO)O
259,854171-35-0,"3-[3-[(3,4-dihydroxybutoxy)imino]-1,3-dihydro-2H-indol-2-ylidene]-1,3-dihydro-2H-indol-2-one",C1=CC=C2C(=C1)C(=C(N2)O)C\3=NC4=CC=CC=C4/C3=N/OCCC(CO)O
260,854171-35-0,"3-[3-[(3,4-dihydroxybutoxy)imino]-1,3-dihydro-2H-indol-2-ylidene]-1,3-dihydro-2H-indol-2-one",C1=CC=C2C(=C1)C(=C(N2)O)C3=NC4=CC=CC=C4C3=NOCCC(CO)O
261,477600-75-2,Tofacitinib,C[C@@H]1CCN(C[C@@H]1N(C)C2=NC=NC3=C2C=CN3)C(=O)CC#N
262,144978-82-5,AG 112,C1=CC(=CC=C1/C=C(\C#N)/C(=C(C#N)C#N)N)O
263,144978-82-5,AG 112,C1=CC(=CC=C1C=C(C#N)C(=C(C#N)C#N)N)O
264,144978-82-5,AG 112,C1=CC(=CC=C1/C=C(/C#N)\C(=C(C#N)C#N)N)O
265,144978-82-5,AG 112,C1=CC(=CC=C1/C=C(\C#N)/C(=C(C#N)C#N)N)O
266,144978-82-5,AG 112,C1=CC(=CC=C1C=C(C#N)C(=C(C#N)C#N)N)O
267,144978-82-5,AG 112,C1=CC(=CC=C1/C=C(/C#N)\C(=C(C#N)C#N)N)O
268,144978-82-5,AG 112,C1=CC(=CC=C1/C=C(\C#N)/C(=C(C#N)C#N)N)O
269,144978-82-5,AG 112,C1=CC(=CC=C1C=C(C#N)C(=C(C#N)C#N)N)O
270,144978-82-5,AG 112,C1=CC(=CC=C1/C=C(/C#N)\C(=C(C#N)C#N)N)O
271,144978-82-5,"2-Amino-4-(4'-hydroxyphenyl)-1,1,3-tricyanobuta-1,3-diene",C1=CC(=CC=C1/C=C(\C#N)/C(=C(C#N)C#N)N)O
272,144978-82-5,"2-Amino-4-(4'-hydroxyphenyl)-1,1,3-tricyanobuta-1,3-diene",C1=CC(=CC=C1C=C(C#N)C(=C(C#N)C#N)N)O
273,144978-82-5,"2-Amino-4-(4'-hydroxyphenyl)-1,1,3-tricyanobuta-1,3-diene",C1=CC(=CC=C1/C=C(/C#N)\C(=C(C#N)C#N)N)O
274,144978-82-5,"2-Amino-4-(4'-hydroxyphenyl)-1,1,3-tricyanobuta-1,3-diene",C1=CC(=CC=C1/C=C(\C#N)/C(=C(C#N)C#N)N)O
275,144978-82-5,"2-Amino-4-(4'-hydroxyphenyl)-1,1,3-tricyanobuta-1,3-diene",C1=CC(=CC=C1C=C(C#N)C(=C(C#N)C#N)N)O
276,144978-82-5,"2-Amino-4-(4'-hydroxyphenyl)-1,1,3-tricyanobuta-1,3-diene",C1=CC(=CC=C1/C=C(/C#N)\C(=C(C#N)C#N)N)O
277,144978-82-5,"2-Amino-4-(4'-hydroxyphenyl)-1,1,3-tricyanobuta-1,3-diene",C1=CC(=CC=C1/C=C(\C#N)/C(=C(C#N)C#N)N)O
278,144978-82-5,"2-Amino-4-(4'-hydroxyphenyl)-1,1,3-tricyanobuta-1,3-diene",C1=CC(=CC=C1C=C(C#N)C(=C(C#N)C#N)N)O
279,144978-82-5,"2-Amino-4-(4'-hydroxyphenyl)-1,1,3-tricyanobuta-1,3-diene",C1=CC(=CC=C1/C=C(/C#N)\C(=C(C#N)C#N)N)O
280,144978-82-5,"(3E)-2-amino-4-(4-hydroxyphenyl)buta-1,3-diene-1,1,3-tricarbonitrile",C1=CC(=CC=C1/C=C(\C#N)/C(=C(C#N)C#N)N)O
281,144978-82-5,"(3E)-2-amino-4-(4-hydroxyphenyl)buta-1,3-diene-1,1,3-tricarbonitrile",C1=CC(=CC=C1C=C(C#N)C(=C(C#N)C#N)N)O
282,144978-82-5,"(3E)-2-amino-4-(4-hydroxyphenyl)buta-1,3-diene-1,1,3-tricarbonitrile",C1=CC(=CC=C1/C=C(/C#N)\C(=C(C#N)C#N)N)O
283,144978-82-5,"(3E)-2-amino-4-(4-hydroxyphenyl)buta-1,3-diene-1,1,3-tricarbonitrile",C1=CC(=CC=C1/C=C(\C#N)/C(=C(C#N)C#N)N)O
284,144978-82-5,"(3E)-2-amino-4-(4-hydroxyphenyl)buta-1,3-diene-1,1,3-tricarbonitrile",C1=CC(=CC=C1C=C(C#N)C(=C(C#N)C#N)N)O
285,144978-82-5,"(3E)-2-amino-4-(4-hydroxyphenyl)buta-1,3-diene-1,1,3-tricarbonitrile",C1=CC(=CC=C1/C=C(/C#N)\C(=C(C#N)C#N)N)O
286,144978-82-5,"(3E)-2-amino-4-(4-hydroxyphenyl)buta-1,3-diene-1,1,3-tricarbonitrile",C1=CC(=CC=C1/C=C(\C#N)/C(=C(C#N)C#N)N)O
287,144978-82-5,"(3E)-2-amino-4-(4-hydroxyphenyl)buta-1,3-diene-1,1,3-tricarbonitrile",C1=CC(=CC=C1C=C(C#N)C(=C(C#N)C#N)N)O
288,144978-82-5,"(3E)-2-amino-4-(4-hydroxyphenyl)buta-1,3-diene-1,1,3-tricarbonitrile",C1=CC(=CC=C1/C=C(/C#N)\C(=C(C#N)C#N)N)O
289,129-56-6,"anthra(1,9-cd)pyrazol-6(2H)-one",C1=CC=C2C(=C1)C3=NNC4=CC=CC(=C43)C2=O
290,622387-85-3,Oxsi-2,CN1C=C(C2=CC=CC=C21)/C=C\3/C4=C(C=CC(=C4)S(=O)(=O)N)NC3=O
291,444731-52-6,Pazopanib,CC1=C(C=C(C=C1)NC2=NC=CC(=N2)N(C)C3=CC4=NN(C(=C4C=C3)C)C)S(=O)(=O)N
292,790299-79-5,Masitinib,CC1=C(C=C(C=C1)NC(=O)C2=CC=C(C=C2)CN3CCN(CC3)C)NC4=NC(=CS4)C5=CN=CC=C5
293,120166-69-0,Diacylglycerol Kinase Inhibitor Ii,C1CN(CCC1=C(C2=CC=C(C=C2)F)C3=CC=C(C=C3)F)CCN4C(=O)C5=CC=CC=C5NC4=S
294,297744-42-4,MEK inhibitor I,C1=CC=C(C(=C1)N)S/C(=C(\C#N)/C2=CC=CC(=C2)C(C3=CC=NC=C3)O)/N
295,881001-19-0,EGFR/ErbB-2/ErbB-4 inhibitor,CC#CC(=O)NC1=NC=C2C(=C1)C(=NC=N2)NC3=CC(=C(C=C3)F)Cl
296,212844-53-6,Purvalanol A,CC(C)[C@H](CO)NC1=NC(=C2C(=N1)N(C=N2)C(C)C)NC3=CC(=CC=C3)Cl
297,778270-11-4,Gnf-2,C1=CC(=CC(=C1)C(=O)N)C2=CC(=NC=N2)NC3=CC=C(C=C3)OC(F)(F)F
298,404009-40-1,1-(2-Hydroxy-4-morpholin-4-ylphenyl)ethanone,CC(=O)C1=C(C=C(C=C1)N2CCOCC2)O
299,879127-07-8,EGFR inhibitor,C1CC1C(=O)NC2=CC=CC(=C2)NC3=NC=NC(=C3)NC4=CC=CC(=C4)C(F)(F)F
300,327036-89-5,Tdzd-8,CN1C(=O)N(C(=O)S1)CC2=CC=CC=C2
301,284461-73-0,Sorafenib,CNC(=O)C1=NC=CC(=C1)OC2=CC=C(C=C2)NC(=O)NC3=CC(=C(C=C3)Cl)C(F)(F)F
302,894804-07-0,JNK Inhibitor VIII,CCOC1=C(C(=CC(=N1)NC(=O)CC2=C(C=CC(=C2)OC)OC)N)C#N
303,3895-92-9,"Chelerythrine, chloride",C[N+]1=C2C(=C3C=CC(=C(C3=C1)OC)OC)C=CC4=CC5=C(C=C42)OCO5.[Cl-]
304,516480-79-8,2-(4-(4-chlorophenoxy)phenyl)-1H-benzimidazole-5-carboxamide,C1=CC(=CC=C1C2=NC3=C(N2)C=C(C=C3)C(=O)N)OC4=CC=C(C=C4)Cl
305,212141-51-0,Vatalanib dihydrochloride,C1=CC=C2C(=C1)C(=NN=C2NC3=CC=C(C=C3)Cl)CC4=CC=NC=C4.Cl.Cl
306,160807-49-8,Indirubin-3'-monoxime,C1=CC=C2C(=C1)C(=C(N2)O)C3=C(C4=CC=CC=C4N3)N=O
307,784211-09-2,Rgb-286147,CC(C)C1=NN(C2=C1C(=O)NC(=N2)CC3=CC=C(C=C3)OCCO)C4=C(C=CC=C4Cl)Cl
308,396129-53-6,Ly-364947,C1=CC=C2C(=C1)C(=CC=N2)C3=C(NN=C3)C4=CC=CC=N4
309,142273-20-9,Kenpaullone,C1C2=C(C3=CC=CC=C3NC1=O)NC4=C2C=C(C=C4)Br
310,237430-03-4,Alsterpaullone,C1C2=C(C3=CC=CC=C3NC1=O)NC4=C2C=C(C=C4)[N+](=O)[O-]
311,301305-73-7,Flt-3 inhibitor,COC1=C(C=C(C=C1)C(=O)NC2=C(C3=C(S2)CCCC3)C(=O)N)OC
312,286370-15-8,Krn-633,CCCNC(=O)NC1=C(C=C(C=C1)OC2=NC=NC3=CC(=C(C=C32)OC)OC)Cl
313,189232-42-6,Bohemine,CC(C)N1C=NC2=C(N=C(N=C21)NCCCO)NCC3=CC=CC=C3
314,496864-15-4,"7-butyl-6-(4-methoxyphenyl)-5H-pyrrolo[2,3-b]pyrazine",CCCCC1=C(NC2=NC=CN=C12)C3=CC=C(C=C3)OC
315,745833-23-2,Vx-702,C1=CC(=C(C(=C1)F)N(C2=NC(=C(C=C2)C(=O)N)C3=C(C=C(C=C3)F)F)C(=O)N)F
316,666837-93-0,SU 9516,COC1=CC\2=C(C=C1)NC(=O)/C2=C\C3=CN=CN3
317,925681-41-0,"4-(2-Chloro-10H-phenoxazin-10-yl)-N,N-diethylbutan-1-amine--hydrogen chloride (1/1)",CCN(CC)CCCCN1C2=CC=CC=C2OC3=C1C=C(C=C3)Cl.Cl
318,213743-31-8,"7-Cyclopentyl-5-(4-phenoxy)phenyl-7H-pyrrolo(2,3-d)pyrimidin-4-ylamine",C1CCC(C1)N2C=C(C3=C(N=CN=C32)N)C4=CC=C(C=C4)OC5=CC=CC=C5
319,366017-09-6,Mubritinib,C1=CC(=CC=C1CCCCN2C=CN=N2)OCC3=COC(=N3)/C=C/C4=CC=C(C=C4)C(F)(F)F
320,457081-03-7,Pyridone 6,CC(C)(C)C1=NC2=C(N1)C3=C(C=C(C=C3)F)C4=C2C=CNC4=O
321,127191-97-3,4-((2S)-2-((5-Isoquinolinylsulfonyl)methylamino)-3-oxo-3-(4-phenyl-1-piperazinyl)propyl)phenyl 5-isoquinolinesulfonate,CN([C@@H](CC1=CC=C(C=C1)OS(=O)(=O)C2=CC=CC3=C2C=CN=C3)C(=O)N4CCN(CC4)C5=CC=CC=C5)S(=O)(=O)C6=CC=CC7=C6C=CN=C7
322,347155-76-4,Ki-11502,CC1=CC=CC=C1C(=O)NC(=S)NC2=CC=C(C=C2)OC3=C4C=C(C(=CC4=NC=C3)OC)OC
323,152121-30-7,Sb-202190,C1=CC(=CC=C1C2=NC(=C(N2)C3=CC=NC=C3)C4=CC=C(C=C4)F)O
324,623163-52-0,MEK inhibitor II,C1CC(=O)N(C1=O)C2=C(C(=O)C3=CC=CC=C3C2=O)Cl
325,40254-90-8,"1H-Pyrazolo[3,4-b]quinoxalin-3-amine",C1=CC2=NC3=C(NN=C3N=C2C=C1)N
326,641571-10-0,Nilotinib,CC1=C(C=C(C=C1)C(=O)NC2=CC(=CC(=C2)C(F)(F)F)N3C=C(N=C3)C)NC4=NC=CC(=N4)C5=CN=CC=C5
327,740841-15-0,Indirubin deriv. 8a,CC(=O)O/N=C/1\C2=CC=CC=C2N=C1C3=C(NC4=C3C=CC(=C4)Br)O
328,740841-15-0,Indirubin deriv. 8a,CC(=O)ON=C1C2=CC=CC=C2N=C1C3=C(NC4=C3C=CC(=C4)Br)O
329,740841-15-0,Indirubin deriv. 8a,CC(=O)O/N=C\1/C2=CC=CC=C2N=C1C3=C(NC4=C3C=CC(=C4)Br)O
330,740841-15-0,Indirubin deriv. 8a,CC(=O)O/N=C/1\C2=CC=CC=C2N=C1C3=C(NC4=C3C=CC(=C4)Br)O
331,740841-15-0,Indirubin deriv. 8a,CC(=O)ON=C1C2=CC=CC=C2N=C1C3=C(NC4=C3C=CC(=C4)Br)O
332,740841-15-0,Indirubin deriv. 8a,CC(=O)O/N=C\1/C2=CC=CC=C2N=C1C3=C(NC4=C3C=CC(=C4)Br)O
333,740841-15-0,Indirubin deriv. 8a,CC(=O)O/N=C/1\C2=CC=CC=C2N=C1C3=C(NC4=C3C=CC(=C4)Br)O
334,740841-15-0,Indirubin deriv. 8a,CC(=O)ON=C1C2=CC=CC=C2N=C1C3=C(NC4=C3C=CC(=C4)Br)O
335,740841-15-0,Indirubin deriv. 8a,CC(=O)O/N=C\1/C2=CC=CC=C2N=C1C3=C(NC4=C3C=CC(=C4)Br)O
336,740841-15-0,GSK-3 Inhibitor X,CC(=O)O/N=C/1\C2=CC=CC=C2N=C1C3=C(NC4=C3C=CC(=C4)Br)O
337,740841-15-0,GSK-3 Inhibitor X,CC(=O)ON=C1C2=CC=CC=C2N=C1C3=C(NC4=C3C=CC(=C4)Br)O
338,740841-15-0,GSK-3 Inhibitor X,CC(=O)O/N=C\1/C2=CC=CC=C2N=C1C3=C(NC4=C3C=CC(=C4)Br)O
339,740841-15-0,GSK-3 Inhibitor X,CC(=O)O/N=C/1\C2=CC=CC=C2N=C1C3=C(NC4=C3C=CC(=C4)Br)O
340,740841-15-0,GSK-3 Inhibitor X,CC(=O)ON=C1C2=CC=CC=C2N=C1C3=C(NC4=C3C=CC(=C4)Br)O
341,740841-15-0,GSK-3 Inhibitor X,CC(=O)O/N=C\1/C2=CC=CC=C2N=C1C3=C(NC4=C3C=CC(=C4)Br)O
342,740841-15-0,GSK-3 Inhibitor X,CC(=O)O/N=C/1\C2=CC=CC=C2N=C1C3=C(NC4=C3C=CC(=C4)Br)O
343,740841-15-0,GSK-3 Inhibitor X,CC(=O)ON=C1C2=CC=CC=C2N=C1C3=C(NC4=C3C=CC(=C4)Br)O
344,740841-15-0,GSK-3 Inhibitor X,CC(=O)O/N=C\1/C2=CC=CC=C2N=C1C3=C(NC4=C3C=CC(=C4)Br)O
345,740841-15-0,Sdccgsbi-0086756.P003,CC(=O)O/N=C/1\C2=CC=CC=C2N=C1C3=C(NC4=C3C=CC(=C4)Br)O
346,740841-15-0,Sdccgsbi-0086756.P003,CC(=O)ON=C1C2=CC=CC=C2N=C1C3=C(NC4=C3C=CC(=C4)Br)O
347,740841-15-0,Sdccgsbi-0086756.P003,CC(=O)O/N=C\1/C2=CC=CC=C2N=C1C3=C(NC4=C3C=CC(=C4)Br)O
348,740841-15-0,Sdccgsbi-0086756.P003,CC(=O)O/N=C/1\C2=CC=CC=C2N=C1C3=C(NC4=C3C=CC(=C4)Br)O
349,740841-15-0,Sdccgsbi-0086756.P003,CC(=O)ON=C1C2=CC=CC=C2N=C1C3=C(NC4=C3C=CC(=C4)Br)O
350,740841-15-0,Sdccgsbi-0086756.P003,CC(=O)O/N=C\1/C2=CC=CC=C2N=C1C3=C(NC4=C3C=CC(=C4)Br)O
351,740841-15-0,Sdccgsbi-0086756.P003,CC(=O)O/N=C/1\C2=CC=CC=C2N=C1C3=C(NC4=C3C=CC(=C4)Br)O
352,740841-15-0,Sdccgsbi-0086756.P003,CC(=O)ON=C1C2=CC=CC=C2N=C1C3=C(NC4=C3C=CC(=C4)Br)O
353,740841-15-0,Sdccgsbi-0086756.P003,CC(=O)O/N=C\1/C2=CC=CC=C2N=C1C3=C(NC4=C3C=CC(=C4)Br)O
354,345987-15-7,"1,3-Benzothiazol-2-yl(2-((2-(3-pyridinyl)ethyl)amino)-4-pyrimidinyl)acetonitrile",C1=CC=C2C(=C1)N=C(S2)C(C#N)C3=NC(=NC=C3)NCCC4=CN=CC=C4
355,856436-16-3,"2H-Indol-2-one, 1,3-dihydro-5-(3-pyridinyl)-3-(1H-pyrrol-2-ylmethylene)-,monomethanesulfonate",CS(=O)(=O)O.C1=CC(=CN=C1)C2=CC\3=C(C=C2)NC(=O)/C3=C\C4=CC=CN4
356,35943-35-2,Triciribine,CN1C2=NC=NC3=C2C(=CN3[C@H]4[C@@H]([C@@H]([C@H](O4)CO)O)O)C(=N1)N
357,896138-40-2,Flt-3 Inhibitor II,C1=CC2=C(C=C1O)C=C(N2)C(=O)C3=CC4=C(N3)C=CC(=C4)O
358,870483-87-7,GW-2580,COC1=CC=C(C=C1)COC2=C(C=C(C=C2)CC3=CN=C(N=C3N)N)OC
359,288144-20-7,Vegfr 2 kinase inhibitor II,C1CCC2=C(C1)C=C(N2)/C=C\3/C4=C(C=CC(=C4)Br)NC3=O
360,257879-35-9,PKCbeta Inhibitor,C1=CC=C(C=C1)NC2=C(C(=O)NC2=O)C3=CN(C4=CC=CC=C43)CCCN5C=CN=C5
361,681281-88-9,5-(2-Benzothiazolyl)-3-ethyl-2-[2-(methylphenylamino)ethenyl]-1-phenyl-1H-benzimidazolium iodide,CC[N+]1=C(N(C2=C1C=C(C=C2)C3=NC4=CC=CC=C4S3)C5=CC=CC=C5)/C=C/N(C)C6=CC=CC=C6.[I-]
362,557795-19-4,Sunitinib,CCN(CC)CCNC(=O)C1=C(NC(=C1C)/C=C\2/C3=C(C=CC(=C3)F)NC2=O)C
363,905973-89-9,Diphenyl acetamidotrichloroethyl fluoronitrophenyl thiourea,C1=CC=C(C=C1)C(C2=CC=CC=C2)C(=O)NC(C(Cl)(Cl)Cl)NC(=S)NC3=CC(=C(C=C3)F)[N+](=O)[O-]
364,174709-30-9,Bpiq-i,CN1C=NC2=C1C=C3C(=C2)C(=NC=N3)NC4=CC(=CC=C4)Br
365,172747-50-1,SB 202474,CCC1=C(N=C(N1)C2=CC=C(C=C2)OC)C3=CC=NC=C3
366,356559-13-2,"2-(5-benzo(1,3)dioxol-5-yl-2-tert-butyl-3H-imidazol-4-yl)-6-methylpyridine hydrochloride",CC1=NC(=CC=C1)C2=C(N=C(N2)C(C)(C)C)C3=CC4=C(C=C3)OCO4.Cl
367,71897-07-9,AG1295,CC1=CC2=NC=C(N=C2C=C1C)C3=CC=CC=C3
368,852547-30-9,"5-Chloro-3-[(3,5-dichloro-4-hydroxyphenyl)methylidene]-1,3-dihydro-2H-indol-2-one",C1=CC2=C(C=C1Cl)C(=CC3=CC(=C(C(=C3)Cl)O)Cl)C(=O)N2
369,852547-30-9,"5-Chloro-3-[(3,5-dichloro-4-hydroxyphenyl)methylidene]-1,3-dihydro-2H-indol-2-one",C1=CC2=C(C=C1Cl)/C(=C\C3=CC(=C(C(=C3)Cl)O)Cl)/C(=O)N2
370,852547-30-9,"5-Chloro-3-[(3,5-dichloro-4-hydroxyphenyl)methylidene]-1,3-dihydro-2H-indol-2-one",C1=CC2=C(C=C1Cl)/C(=C/C3=CC(=C(C(=C3)Cl)O)Cl)/C(=O)N2
371,852547-30-9,"5-Chloro-3-[(3,5-dichloro-4-hydroxyphenyl)methylidene]-1,3-dihydro-2H-indol-2-one",C1=CC2=C(C=C1Cl)C(=CC3=CC(=C(C(=C3)Cl)O)Cl)C(=O)N2
372,852547-30-9,"5-Chloro-3-[(3,5-dichloro-4-hydroxyphenyl)methylidene]-1,3-dihydro-2H-indol-2-one",C1=CC2=C(C=C1Cl)/C(=C\C3=CC(=C(C(=C3)Cl)O)Cl)/C(=O)N2
373,852547-30-9,"5-Chloro-3-[(3,5-dichloro-4-hydroxyphenyl)methylidene]-1,3-dihydro-2H-indol-2-one",C1=CC2=C(C=C1Cl)/C(=C/C3=CC(=C(C(=C3)Cl)O)Cl)/C(=O)N2
374,852547-30-9,"5-Chloro-3-[(3,5-dichloro-4-hydroxyphenyl)methylidene]-1,3-dihydro-2H-indol-2-one",C1=CC2=C(C=C1Cl)C(=CC3=CC(=C(C(=C3)Cl)O)Cl)C(=O)N2
375,852547-30-9,"5-Chloro-3-[(3,5-dichloro-4-hydroxyphenyl)methylidene]-1,3-dihydro-2H-indol-2-one",C1=CC2=C(C=C1Cl)/C(=C\C3=CC(=C(C(=C3)Cl)O)Cl)/C(=O)N2
376,852547-30-9,"5-Chloro-3-[(3,5-dichloro-4-hydroxyphenyl)methylidene]-1,3-dihydro-2H-indol-2-one",C1=CC2=C(C=C1Cl)/C(=C/C3=CC(=C(C(=C3)Cl)O)Cl)/C(=O)N2
377,852547-30-9,"Pkr inhibitor,negative control",C1=CC2=C(C=C1Cl)C(=CC3=CC(=C(C(=C3)Cl)O)Cl)C(=O)N2
378,852547-30-9,"Pkr inhibitor,negative control",C1=CC2=C(C=C1Cl)/C(=C\C3=CC(=C(C(=C3)Cl)O)Cl)/C(=O)N2
379,852547-30-9,"Pkr inhibitor,negative control",C1=CC2=C(C=C1Cl)/C(=C/C3=CC(=C(C(=C3)Cl)O)Cl)/C(=O)N2
380,852547-30-9,"Pkr inhibitor,negative control",C1=CC2=C(C=C1Cl)C(=CC3=CC(=C(C(=C3)Cl)O)Cl)C(=O)N2
381,852547-30-9,"Pkr inhibitor,negative control",C1=CC2=C(C=C1Cl)/C(=C\C3=CC(=C(C(=C3)Cl)O)Cl)/C(=O)N2
382,852547-30-9,"Pkr inhibitor,negative control",C1=CC2=C(C=C1Cl)/C(=C/C3=CC(=C(C(=C3)Cl)O)Cl)/C(=O)N2
383,852547-30-9,"Pkr inhibitor,negative control",C1=CC2=C(C=C1Cl)C(=CC3=CC(=C(C(=C3)Cl)O)Cl)C(=O)N2
384,852547-30-9,"Pkr inhibitor,negative control",C1=CC2=C(C=C1Cl)/C(=C\C3=CC(=C(C(=C3)Cl)O)Cl)/C(=O)N2
385,852547-30-9,"Pkr inhibitor,negative control",C1=CC2=C(C=C1Cl)/C(=C/C3=CC(=C(C(=C3)Cl)O)Cl)/C(=O)N2
386,852547-30-9,"PKR Inhibitor, Negative Control",C1=CC2=C(C=C1Cl)C(=CC3=CC(=C(C(=C3)Cl)O)Cl)C(=O)N2
387,852547-30-9,"PKR Inhibitor, Negative Control",C1=CC2=C(C=C1Cl)/C(=C\C3=CC(=C(C(=C3)Cl)O)Cl)/C(=O)N2
388,852547-30-9,"PKR Inhibitor, Negative Control",C1=CC2=C(C=C1Cl)/C(=C/C3=CC(=C(C(=C3)Cl)O)Cl)/C(=O)N2
389,852547-30-9,"PKR Inhibitor, Negative Control",C1=CC2=C(C=C1Cl)C(=CC3=CC(=C(C(=C3)Cl)O)Cl)C(=O)N2
390,852547-30-9,"PKR Inhibitor, Negative Control",C1=CC2=C(C=C1Cl)/C(=C\C3=CC(=C(C(=C3)Cl)O)Cl)/C(=O)N2
391,852547-30-9,"PKR Inhibitor, Negative Control",C1=CC2=C(C=C1Cl)/C(=C/C3=CC(=C(C(=C3)Cl)O)Cl)/C(=O)N2
392,852547-30-9,"PKR Inhibitor, Negative Control",C1=CC2=C(C=C1Cl)C(=CC3=CC(=C(C(=C3)Cl)O)Cl)C(=O)N2
393,852547-30-9,"PKR Inhibitor, Negative Control",C1=CC2=C(C=C1Cl)/C(=C\C3=CC(=C(C(=C3)Cl)O)Cl)/C(=O)N2
394,852547-30-9,"PKR Inhibitor, Negative Control",C1=CC2=C(C=C1Cl)/C(=C/C3=CC(=C(C(=C3)Cl)O)Cl)/C(=O)N2
395,626604-39-5,GSK-3beta Inhibitor XI,C1=CC2=C(N=C1)N(C=C2C3=C(C(=O)NC3=O)C4=NC=CN=C4)CCCO
396,199986-75-9,Cvt-313,CC(C)N1C=NC2=C(N=C(N=C21)N(CCO)CCO)NCC3=CC=C(C=C3)OC
397,478482-75-6,GSK-3 Inhibitor II,C1=CC(=CC(=C1)I)CSC2=NN=C(O2)C3=CC=NC=C3
